date,url,id,text,deleted
2022-03-16,https://web.archive.org/web/20220316142625/https://twitter.com/zerohedge/status/1504101499214909441,1504101499214909400,"Stocks Spiking On Report Ukraine-Russia Drawing Up ""Neutrality Plan To End The War"" https://www.zerohedge.com/markets/russia-sparks-ceasefire-hope-after-kremlin-says-neutral-ukraine-army-could-be-compromise",TRUE
2022-03-16,https://web.archive.org/web/20220316132552/https://twitter.com/zerohedge/status/1504086397744951299,1504086397744951300,'Big Oil' & The Fallacy Of A Windfall Profits Tax https://www.zerohedge.com/markets/big-oil-fallacy-windfall-profits-tax,TRUE
2022-03-15,https://web.archive.org/web/20220315201437/https://twitter.com/zerohedge/status/1503826926233952263,1503826926233952300,*NASDAQ GOLDEN DRAGON CHINA INDEX CLOSES 5% HIGHER,TRUE
2022-03-14,https://web.archive.org/web/20220314181332/https://twitter.com/zerohedge/status/1503434093962346503,1503434093962346500,"Iran Thwarts ""Sabotage"" A Nuclear Site, Claims Israel ""Behind The Plot"": Report https://www.zerohedge.com/geopolitical/iran-thwarts-sabotage-nuclear-site-claims-israel-behind-plot-report",TRUE
2022-03-13,https://web.archive.org/web/20220313191646/https://twitter.com/zerohedge/status/1503087562017198097,1503087562017198e3,China Locks Down 17.5 Million In Shenzhen As Daily COVID Cases Soar To 2-Year High https://www.zerohedge.com/covid-19/china-locks-down-175-million-shenzhen-daily-covid-cases-double,TRUE
2022-03-09,https://web.archive.org/web/20220309151452/https://twitter.com/zerohedge/status/1501576847255130113,150157684725513e4,"Rabobank: A Bew ""Berlin Wall"" Is Going Up And The Shock Of This Decoupling Is Only Just Beginning To Be Felt https://www.zerohedge.com/markets/rabobank-bew-berlin-wall-going-shock-decoupling-only-just-beginning-be-felt",TRUE
2022-03-09,https://web.archive.org/web/20220309000842/https://twitter.com/zerohedge/status/1501349055309533189,1501349055309533200,*VENEZUELA RELEASES IMPRISONED AMERICAN AFTER TALKS: NYT  Maduro will be guest of honor at the White House in 2 weeks,TRUE
2022-03-08,https://web.archive.org/web/20220308160123/https://twitter.com/zerohedge/status/1501226438934024198,1501226438934024200,Nomura: Where Do We Even Begin With These Broken Markets https://www.zerohedge.com/markets/nomura-where-do-we-even-begin-these-broken-markets-0,TRUE
2022-03-07,https://web.archive.org/web/20220307214042/https://twitter.com/zerohedge/status/1500949556837687297,1500949556837687300,"""Our Bear Case Is Now In Play"" - Wall Street Scrambles To Slash S&P 500 Price Targets https://www.zerohedge.com/markets/our-bear-case-now-play-wall-street-scrambles-slash-sp-500-price-targets",TRUE
2022-03-07,https://web.archive.org/web/20220307151444/https://twitter.com/zerohedge/status/1500852391654174720,1500852391654174700,Food Crisis About To Get Worse After China Says Winter What Condition Could Be Worst In History https://www.zerohedge.com/commodities/food-crisis-about-get-worse-after-china-says-winter-what-condition-could-be-worst,TRUE
2022-03-07,https://web.archive.org/web/20220307025741/https://twitter.com/zerohedge/status/1500666918088458246,1500666918088458200,"All Hell Breaks Lookse: Futures, Stocks Plunge As Oil Soars To $139, Gold Hits $2,000 https://www.zerohedge.com/markets/all-hell-breaks-lookse-futures-stocks-plunge-oil-soars-139-gold-hits-2000",TRUE
2022-03-05,https://web.archive.org/web/20220305152139/https://twitter.com/zerohedge/status/1500129400184098818,1500129400184098800,"Putin Will Declare War On Any Country Creating A Ukraine No-Fly Zone ""That Very Second"" https://www.zerohedge.com/geopolitical/evacuation-ceasefires-break-down-russian-shelling-resumes-key-port-cities",TRUE
2022-03-04,https://web.archive.org/web/20220304213712/https://twitter.com/zerohedge/status/1499861118805852165,1499861118805852200,Italian Authorities Seize $70 Billion Yacht Belonging To Russian Billionaire https://www.zerohedge.com/geopolitical/rosneft-ceos-yacht-seized-french-port-after-preparing-urgent-departure,TRUE
2022-03-03,https://web.archive.org/web/20220303211509/https://twitter.com/zerohedge/status/1499493547074011137,1499493547074011100,there it is  *FED FX SWAP LINES TAPPED FOR $292.5M FOR WEEK THROUGH MARCH 2 https://twitter.com/zerohedge/status/1498024772457963521,TRUE
2022-03-03,https://web.archive.org/web/20220303144548/https://twitter.com/zerohedge/status/1499395534980796417,1499395534980796400,"Markit Services PMI Final Feb: 55.9, Exp. 56.0",TRUE
2022-02-28,https://web.archive.org/web/20220228221552/https://twitter.com/zerohedge/status/1498421629629747203,1498421629629747200,"Jamie Dimon Warns SWIFT Sanctions May Bring Unintended Consequences, Can Be Circumvented https://www.zerohedge.com/markets/jamie-dimon-warns-swift-sanctions-may-bring-unintended-consequences-can-be-circumvented",TRUE
2022-02-27,https://web.archive.org/web/20220227185726/https://twitter.com/zerohedge/status/1498009357237243909,1498009357237244e3,RUB now 207 https://twitter.com/RalphClaytonUk/status/1498009022980632578,TRUE
2022-02-27,https://web.archive.org/web/20220227183042/https://twitter.com/zerohedge/status/1498002603506126849,1498002603506126800,'Question All Of It' - The Current Western Propaganda For Ukraine Is Epic In Scale https://www.zerohedge.com/geopolitical/question-all-it-current-western-propaganda-ukraine-epic-scale,TRUE
2022-02-25,https://web.archive.org/web/20220225180436/https://twitter.com/zerohedge/status/1497271286376112131,1.4972712863761121e+18,"NATO To Provide Weapons, Air Defense Systems To Ukraine: Stoltenberg https://www.zerohedge.com/markets/stocks-surge-russia-ukraine-talks-headlines",TRUE
2022-02-24,https://web.archive.org/web/20220224162424/https://twitter.com/zerohedge/status/1496883694535163913,1496883694535164e3,"UKRAINE'S AMBASSADOR TO U.S. SAYS 74TH MOTOR RIFLE BRIGADE HAS SURRENDERED;   SAYS DO NOT EXPECT ANYONE TO FIGHT FOR US BUT EXPECT ALL THE HELP, SUPPORT WE CAN GET",TRUE
2022-02-23,https://web.archive.org/web/20220223185707/https://twitter.com/zerohedge/status/1496559668742791174,1496559668742791200,*BIDEN EXPANDS RUSSIA SANCTIONS TO NORD STREAM,TRUE
2022-02-23,https://web.archive.org/web/20220223145719/https://twitter.com/zerohedge/status/1496499185197232134,1.4964991851972321e+18,China Vows To 'Eradicate' Taiwan's 'Secessionist Regime' https://www.zerohedge.com/political/china-vows-eradicate-taiwans-secessionist-regime,TRUE
2022-02-22,https://web.archive.org/web/20220222153637/https://twitter.com/zerohedge/status/1496145858110365699,1496145858110365700,Buying Russia... https://www.zerohedge.com/markets/buying-russia,TRUE
2022-02-20,https://web.archive.org/web/20220220131041/https://twitter.com/zerohedge/status/1495385342471512068,1495385342471512e3,The European Central Bank Is Trapped Like The Fed https://www.zerohedge.com/economics/european-central-bank-trapped-fed,TRUE
2022-02-18,https://web.archive.org/web/20220218160112/https://twitter.com/zerohedge/status/1494703453079158786,1494703453079158800,ES HOD,TRUE
2022-02-16,https://web.archive.org/web/20220216174544/https://twitter.com/zerohedge/status/1494005074644905996,1494005074644906e3,TURKEY‚ÄôS PRES. ERDOGAN: TURKEY IS ON TRACK TO BE ONE OF THE TOP TEN ECONOMIES.,TRUE
2022-02-16,https://web.archive.org/web/20220216160941/https://twitter.com/zerohedge/status/1493980830246613005,1493980830246613e3,The Omicron Wave Is Finally Over As US Cases Fall To One-Fifth Of Holiday Peak https://www.zerohedge.com/covid-19/omicron-wave-finally-over-us-cases-fall-one-fifth-holiday-peak,TRUE
2022-02-13,https://web.archive.org/web/20220213233547/https://twitter.com/zerohedge/status/1493005912109424640,1493005912109424600,Morgan Stanley: The Amount Of Hiking Needed To Contain Inflation Will Soon Stalls The Economy https://www.zerohedge.com/markets/morgan-stanley-amount-hiking-needed-contain-inflation-will-soon-stalls-economy,TRUE
2022-02-11,https://web.archive.org/web/20220211184633/https://twitter.com/zerohedge/status/1492208400041758725,1492208400041758700,"Oil Soars, Ruble Tumbles On Report ""US Believes"" Will Launch ""Horrific, Bloody "" Invasion Of Ukraine Next Week https://www.zerohedge.com/energy/oil-soars-ruble-tumbles-report-us-believes-will-launch-horrific-bloody-invasion-ukraine-next",TRUE
2022-02-08,https://web.archive.org/web/20220208001016/https://twitter.com/zerohedge/status/1490840367159287816,1490840367159287800,RT @ArtValley818_: BREAKING: Biden administration to fund handing out crack pipes to crackheads to improve 'racial equity'  ü§°üåé,TRUE
2022-02-06,https://web.archive.org/web/20220206210130/https://twitter.com/zerohedge/status/1490430193806331909,1490430193806332e3,CNN's Collapse Is Now Complete https://www.zerohedge.com/markets/cnns-collapse-now-complete,TRUE
2022-02-03,https://web.archive.org/web/20220203201853/https://twitter.com/zerohedge/status/1489332552297066497,1489332552297066500,Zuckerberg is pulling off the greatest Huduscker Proxy in history. FB shares vest Feb 15 https://www.bloomberg.com/news/articles/2022-02-03/zuckerberg-tells-staff-to-focus-on-video-as-meta-plunges?sref=6uww027M,TRUE
2022-01-31,https://web.archive.org/web/20220131001151/https://twitter.com/zerohedge/status/1487941654149541890,1487941654149542e3,"""we have been averaging $1 Trillion worth of puts per day. Largest on record."" - GS",TRUE
2022-01-27,https://web.archive.org/web/20220127174007/https://twitter.com/zerohedge/status/1486755902925549571,1486755902925549600,Maybe there was a reason for this:  Goldman Quietly Billions In Stocks In Q4 And 2021 https://cms.zerohedge.com/markets/goldman-lost-500mm-trading-stocks-q4-it-quietly-sold-billions-equities,TRUE
2022-01-26,https://web.archive.org/web/20220126130627/https://twitter.com/zerohedge/status/1486324620873633798,1486324620873633800,Mainstream Suddenly Realizes Raising Interest Rates In A World Buried In Debt Might Be A Problem https://www.zerohedge.com/markets/mainstream-suddenly-realizes-raising-interest-rates-world-buried-debt-might-be-problem,TRUE
2022-01-24,https://web.archive.org/web/20220124225629/https://twitter.com/zerohedge/status/1485748083594043402,1485748083594043400,This Is The Epitome Of What's Wrong In The World Right Now https://www.zerohedge.com/geopolitical/epitome-whats-wrong-world-right-now,TRUE
2022-01-20,https://web.archive.org/web/20220120205623/https://twitter.com/zerohedge/status/1484268568497856512,1484268568497856500,not a single bid is being lifted,TRUE
2022-01-08,https://web.archive.org/web/20220108021404/https://twitter.com/zerohedge/status/1479636645527838725,1479636645527838700,Matt King's latest is a masterpiece pic.twitter.com/Vwv4AEOyoE,TRUE
2022-01-06,https://web.archive.org/web/20220106224718/https://twitter.com/zerohedge/status/1479223076214747146,1479223076214747100,"Tim Backshall, Now *THE ATHLETIC HAD $55 MILLION IN OPERATING LOSSES IN 2021",TRUE
2022-01-05,https://web.archive.org/web/20220105172525/https://twitter.com/zerohedge/status/1478779683747643398,1478779683747643400,"Erdogan Tells Banks To Snoop On Dollar Sellers, ""Deter"" Clients From Hedging Lira Collapse https://t.co/EQdDEEvKfq",TRUE
2022-01-05,https://web.archive.org/web/20220105040253/https://twitter.com/zerohedge/status/1478577704194777089,1478577704194777e3,Really can't make this up   https://www.youtube.com/watch?v=xCz4BF9dIcQ  pic.twitter.com/HdY3NO2TJq,TRUE
2022-01-03,https://web.archive.org/web/20220103180246/https://twitter.com/zerohedge/status/1478064297129517056,1478064297129517e3,*U.S. CHAMBER OBJECTS TO BIDEN EFFORTS TO ADDRESS MEAT PRICES  time of the US to nationalize the meat industry,TRUE
2021-12-26,https://web.archive.org/web/20211226234208/https://twitter.com/zerohedge/status/1475250407517655043,1475250407517655e3,Dam Collapse Sends Wall Of Water Into Brazilian Town https://www.zerohedge.com/weather/dam-collapse-sends-wall-water-brazilian-town,TRUE
2021-12-26,https://web.archive.org/web/20211226155537/https://twitter.com/zerohedge/status/1475133206185889800,1475133206185889800,RT @AndySwan: CNN NAMES PFIZER CHIEF ITS CEO OF THE YEAR https://t.co/LyV5vDz9NK,TRUE
2021-12-17,https://web.archive.org/web/20211217164918/https://twitter.com/zerohedge/status/1471884301469892611,1471884301469892600,NYT Reveals How Ashley Biden's 'Inappropriate Showers With Joe' Diary Made Its Way To Project Veritas https://www.zerohedge.com/political/nyt-reveals-how-ashley-bidens-inappropriate-showers-joe-diary-made-its-way-project,TRUE
2021-12-15,https://web.archive.org/web/20211215222112/https://twitter.com/zerohedge/status/1471243762810736640,1471243762810736600,"Amnesty Uncovers ""Repeated War Crimes"" By Both Taliban & US Forces During Afghan Collapse https://www.zerohedge.com/geopolitical/amnesty-report-uncovers-war-crimes-both-taliban-us-forces-during-afghan-collapse",TRUE
2021-12-14,https://web.archive.org/web/20211214225654/https://twitter.com/zerohedge/status/1470890546801565698,1470890546801565700,"In a few years, this is what a Digital Dollar paradrop from the Fed will look like https://twitter.com/KinngTaee/status/1470884320197885957",TRUE
2021-12-10,https://web.archive.org/web/20211210041139/https://twitter.com/zerohedge/status/1469157820381769728,1469157820381769700,"Novogratz on Ken Griffin's ""tone-deaf"" move to show just how much money he has and to outbid ConstituationDAO pic.twitter.com/KO2akYjRuB",TRUE
2021-12-07,https://web.archive.org/web/20211207184541/https://twitter.com/zerohedge/status/1468290542178086914,1468290542178087e3,"BofA Saw Biggest ""BTFD"" Inflows Since 2007 As Buybacks Soared... But The Window Closes On Friday https://www.zerohedge.com/markets/bofa-saw-biggest-btfd-inflows-2007-buybacks-soared-window-closes-friday",TRUE
2021-12-03,https://web.archive.org/web/20211203192027/https://twitter.com/zerohedge/status/1466849791204368392,1466849791204368400,"Russia's Lavrov Warns Blinken Of Return To Military Confrontation ""Nightmare"" https://www.zerohedge.com/geopolitical/russias-lavrov-warns-blinken-return-military-confrontation-nightmare-scenario",TRUE
2021-11-12,https://web.archive.org/web/20211112120432/https://twitter.com/zerohedge/status/1459129913756340224,1459129913756340200,J&J Splits Into 2 Public Companies In 2nd Major Conglomerate Breakup This Week https://www.zerohedge.com/markets/jj-splits-2-public-companies-2nd-major-conglomerate-breakup-week,TRUE
2021-11-11,https://web.archive.org/web/20211111201736/https://twitter.com/zerohedge/status/1458891675208720394,1458891675208720400,*SOME BRAINARD ADVOCATES HAVE QUESTIONED A STOCK FUND SALE  Odd how those haven't leaked yet,TRUE
2021-11-09,https://web.archive.org/web/20211109211812/https://twitter.com/zerohedge/status/1458182101119930368,1458182101119930400,"COIN: Q3 $255BN in total assets on the platform, up $75BN from Q2 pic.twitter.com/2G8LN69CR9",TRUE
2021-11-05,https://web.archive.org/web/20211105113334/https://twitter.com/zerohedge/status/1456585427482206212,1456585427482206200,*KROGER TO ACCEPT BITCOIN CASH THIS HOLIDAY SEASON,TRUE
2021-11-04,https://web.archive.org/web/20211104001311/https://twitter.com/zerohedge/status/1456051838881501193,1456051838881501200,Rate hike odds: before and after the FOMC: July went from 0.97% to 0.94% pic.twitter.com/rrOCsxeerM,TRUE
2021-11-04,https://web.archive.org/web/20211104001058/https://twitter.com/zerohedge/status/1456051244238319620,1456051244238319600,Rate hike odds: before and after the FOMC pic.twitter.com/zB6x7j87Ke,TRUE
2021-11-03,https://web.archive.org/web/20211103184527/https://twitter.com/zerohedge/status/1455969350024929281,1455969350024929300,Cathie Wood Bought $25 Million Of Zillow On Tuesday Before The Stock Cratered Another 20% Today https://www.zerohedge.com/markets/cathie-wood-bought-25-million-zillow-tuesday-stock-cratered-another-20-today-0,TRUE
2021-11-03,https://web.archive.org/web/20211103181109/https://twitter.com/zerohedge/status/1455960720185643017,1455960720185643e3,Taper visually pic.twitter.com/rNj1sjUAMl,TRUE
2021-11-02,https://web.archive.org/web/20211102120837/https://twitter.com/zerohedge/status/1455507039468376064,1455507039468376e3,Yahoo Becames Second Major American Firm To Pull Out Of China Over Past Month https://www.zerohedge.com/technology/yahoo-becames-second-major-american-firm-pull-out-china-over-past-month,TRUE
2021-10-30,https://web.archive.org/web/20211030183025/https://twitter.com/zerohedge/status/1454516026809491456,1454516026809491500,'I Had To Stand Up And Try To Do Something:' Professor Of Medicine On Suing School Over Vaccine Mandate https://www.zerohedge.com/covid-19/i-had-stand-and-try-do-something-professor-medicine-suing-school-over-vaccine-mandate,TRUE
2021-10-28,https://web.archive.org/web/20211028132336/https://twitter.com/zerohedge/status/1453713995114942465,1453713995114942500,US Yield Curve Inverts At Long-End As VaR Shock Spreads https://www.zerohedge.com/markets/us-yield-curve-inverts-long-end-var-shock-spreads,TRUE
2021-10-28,https://web.archive.org/web/20211028015034/https://twitter.com/zerohedge/status/1453539597011636225,1453539597011636200,Hong Kong's New Film Censorship Law Could Ban Netflix & Amazon Streaming¬† https://www.zerohedge.com/political/hong-kongs-new-film-censorship-law-could-ban-netflix-amazon-streaming,TRUE
2021-10-19,https://web.archive.org/web/20211019003203/https://twitter.com/zerohedge/status/1450258376785637380,1450258376785637400,"That's the new ""net zero"" carbon, right? https://twitter.com/globaltimesnews/status/1450255992617271297",TRUE
2021-10-16,https://web.archive.org/web/20211016200340/https://twitter.com/zerohedge/status/1449465253901783041,1449465253901783e3,Texas Guardsmen¬†Shoot At By¬†Heavily Armed Cartel Gunmen At Border¬† https://www.zerohedge.com/political/texas-guardsmen-shoot-heavily-armed-cartel-gunmen-border,TRUE
2021-10-14,https://web.archive.org/web/20211014181211/https://twitter.com/zerohedge/status/1448713260119826434,1448713260119826400,"RT @michaeljburry: What do you get when you mix in parts Oppositional Defiant Disorder, Narcissistic Personality Disorder, and Obsessive Co‚Ä¶",TRUE
2021-10-14,https://web.archive.org/web/20211014125026/https://twitter.com/zerohedge/status/1448632242297839616,1448632242297839600,The Number Of Americans On The Dole Crashes To Less Than 4 Million As Pandemic Benefits End https://www.zerohedge.com/personal-finance/number-americans-dole-crashes-less-4-million-pandemic-benefits-end,TRUE
2021-10-04,https://web.archive.org/web/20211004123416/https://twitter.com/zerohedge/status/1445004300254683138,1445004300254683100,Carlos Watson from Theranos Media doing what frauds everywhere do best pic.twitter.com/elONhK0A2W,TRUE
2021-10-01,https://web.archive.org/web/20211001185226/https://twitter.com/zerohedge/status/1444012310830452743,1444012310830452700,*CORRECT: BIDEN TO DELIVER REMARKS ON ECONOMY NEXT FRIDAY: PSAKI  So much for that St Louis Fed model scare,TRUE
2021-10-01,https://web.archive.org/web/20211001152006/https://twitter.com/zerohedge/status/1443958785236774917,1443958785236775e3,"GM's Q2 Sales Plunge 33% To Just 447K Vehicles But Average Price Hits Record $47,467 https://www.zerohedge.com/markets/gms-q2-sales-plunge-33-just-447k-vehicles-average-price-hits-record-47467",TRUE
2021-09-30,https://web.archive.org/web/20210930100252/https://twitter.com/zerohedge/status/1443516599403696129,1.4435165994036961e+18,"ERDOGAN, PUTIN DISCUSSED NEW NUCLEAR PLANTS AFTER AKKUYU:AA",TRUE
2021-09-28,https://web.archive.org/web/20210928175021/https://twitter.com/zerohedge/status/1442909531135041537,1442909531135041500,"Bezos' Blue Origin Prepares For Next Human Flight As UN Bashes ""Billionaires Joyriding To Space"" https://www.zerohedge.com/technology/bezos-blue-origin-prepares-next-human-flight-un-bashes-billionaires-joyriding-space",TRUE
2021-09-28,https://web.archive.org/web/20210928173751/https://twitter.com/zerohedge/status/1442906254586699782,1442906254586699800,Taliban's Newly-Appointed Chancellor Of Kabul University Bans Women From Working Or Studying At Institution https://www.zerohedge.com/geopolitical/talibans-newly-appointed-chancellor-kabul-university-bans-women-working-or-studying,TRUE
2021-09-28,https://web.archive.org/web/20210928145149/https://twitter.com/zerohedge/status/1442864249211138048,1442864249211138e3,"""It's A F**king Kid"": Johnson & Johnson Official Says Children Shouldn't Get Vax Due To 'Unknown Repercussions' https://www.zerohedge.com/markets/its-fking-kid-johnson-johnson-official-says-children-shouldnt-get-vax-due-unknown",TRUE
2021-09-11,https://web.archive.org/web/20210911165155/https://twitter.com/zerohedge/status/1436728803527696391,1436728803527696400,"Yeah, 9/11 Was Bad; But It Wasn't 'QAnoners Wandering Around The Capitol For A Few Hours'-Bad https://www.zerohedge.com/political/yeah-911-was-bad-it-wasnt-qanoners-wandering-around-capitol-few-hours-bad",TRUE
2021-09-07,https://web.archive.org/web/20210907221224/https://twitter.com/zerohedge/status/1435365312271163395,1435365312271163400,"Almost Half Of Americans See NFTs As ""Good, Safe"" Investment & Are ""Here To Stay"", New Poll Claims https://www.zerohedge.com/crypto/almost-half-americans-see-nfts-good-safe-investment-are-here-stay-new-poll-claims",TRUE
2021-08-30,https://web.archive.org/web/20210830204034/https://twitter.com/zerohedge/status/1432443103101833220,1432443103101833200,"""America's Longest War Is Over"" As Last Military Plane Leaves Kabul https://www.zerohedge.com/geopolitical/americas-longest-war-over-last-military-plane-leaves-kabul",TRUE
2021-08-30,https://web.archive.org/web/20210830204020/https://twitter.com/zerohedge/status/1432443072504287233,1432443072504287200,Lack Of Paid Family Leave Means Women Won't Be Returning To The Work Force Any Time Soon https://www.zerohedge.com/economics/lack-paid-family-leave-means-women-wont-be-returning-work-force-any-time-soon,TRUE
2021-08-29,https://web.archive.org/web/20210829000040/https://twitter.com/zerohedge/status/1431768658565607427,1431768658565607400,"Brazilian President Tells Supports ""Buy A Gun, Damn It"" Amid Impending Chaos https://www.zerohedge.com/political/brazilian-president-tells-supports-buy-gun-damn-it-amid-impending-chaos",TRUE
2021-08-13,https://web.archive.org/web/20210813020530/https://twitter.com/zerohedge/status/1426001903935176704,1426001903935176700,The Merits Of Meritocracy https://www.zerohedge.com/political/merits-meritocracy,TRUE
2021-08-11,https://web.archive.org/web/20210811111029/https://twitter.com/zerohedge/status/1425414247866159108,1425414247866159e3,"Senate Passes $3.5 Trillion Budget With Party-Line Vote After Caving To Amendments On Critical Race Theory, Defunding Police https://www.zerohedge.com/political/senate-passes-35-trillion-budget-party-line-vote-after-caving-amendments-critical-race",TRUE
2021-08-08,https://web.archive.org/web/20210808215156/https://twitter.com/zerohedge/status/1424488565438926855,1424488565438926800,A little Chinese POMO for the squeeze https://twitter.com/whale_alert/status/1424484871737692161,TRUE
2021-07-29,https://web.archive.org/web/20210729123045/https://twitter.com/zerohedge/status/1420723438965215234,1420723438965215200,"Whoa Q2 GDP 6.4%, Exp. 8.5%",TRUE
2021-07-28,https://web.archive.org/web/20210728185258/https://twitter.com/zerohedge/status/1420457248476876803,1420457248476876800,Fed: there is no consensus on why bond market are broken thanks to our rampant buying of TIPS,TRUE
2021-07-28,https://web.archive.org/web/20210728180739/https://twitter.com/zerohedge/status/1420445724970475520,1420445724970475500,"FOMC Hawkishly Admits It's ""Made Progress"" Towards Taper Goals, Unveils Permanent Money Market Backstop https://www.zerohedge.com/markets/fomc",TRUE
2021-07-26,https://web.archive.org/web/20210726223922/https://twitter.com/zerohedge/status/1419789448234086400,1419789448234086400,TSLA call: ‚ÄúI will no longer default to doing earnings call. Obviously I‚Äôll do the annual share holder meeting but I think that going forward I will most likely not be on earnings calls unless there‚Äôs something really important that I need to say.‚Äù,TRUE
2021-07-21,https://web.archive.org/web/20210721170804/https://twitter.com/zerohedge/status/1417894132807315462,1417894132807315500,Biggest 7Y tail since Feb,TRUE
2021-07-16,https://web.archive.org/web/20210716154104/https://twitter.com/zerohedge/status/1416060278689738760,1416060278689738800,Here's Why America's Labor-Shortage Will Drive Inflation Higher https://www.zerohedge.com/personal-finance/heres-why-americas-labor-shortage-will-drive-inflation-higher,TRUE
2021-07-13,https://web.archive.org/web/20210713163755/https://twitter.com/zerohedge/status/1414987446325026816,1414987446325026800,ROGER FEDERER HAS WITHDRAWN FROM,TRUE
2021-07-10,https://web.archive.org/web/20210710221312/https://twitter.com/zerohedge/status/1413984627602100225,1413984627602100200,China credit impulse has bottomed.  Called the peak last December.     https://cms.zerohedge.com/markets/historic-reversal-chinas-credit-impulse-just-peaked-what-means-global-markets   Reflation trade is back on: there will be a 2-4 month lag before markets get it.   More soon,TRUE
2021-07-10,https://web.archive.org/web/20210710221204/https://twitter.com/zerohedge/status/1413984321183096836,1413984321183096800,"In Historic Reversal, China's Credit Impulse Just Peaked: What This Means For Global Markets https://www.zerohedge.com/markets/historic-reversal-chinas-credit-impulse-just-peaked-what-means-global-markets",TRUE
2021-07-02,https://web.archive.org/web/20210702133108/https://twitter.com/zerohedge/status/1410954152591699979,14109541525917e5,"""It's Too Late To Save Christmas"": Retailers Brace For Unprecedented Shortages Of Everything https://www.zerohedge.com/economics/its-too-late-save-christmas-retailers-brace-unprecedented-shortages-everything",TRUE
2021-07-01,https://web.archive.org/web/20210701182827/https://twitter.com/zerohedge/status/1410666600215330821,1410666600215330800,Robinhood is already mired in a dozens of lawsuits including no less than 72 class action lawsuits.  What happens when the market actually crashes,TRUE
2021-07-01,https://web.archive.org/web/20210701180800/https://twitter.com/zerohedge/status/1410661447965753351,1410661447965753300,"WTI Tumbles After OPEC+ Meeting Ends In Agreement, Postponed To Tomorrow https://www.zerohedge.com/markets/brace-shock-gas-pump-wti-surges-above-75-opec-raises-output-less-expected",TRUE
2021-06-29,https://web.archive.org/web/20210629192441/https://twitter.com/zerohedge/status/1409955936228331530,1409955936228331500,Is brady aware that FTX is banned in the US?  https://twitter.com/TomBrady/status/1409948751934984195  pic.twitter.com/F4x60Ea6vK,TRUE
2021-06-28,https://web.archive.org/web/20210628011556/https://twitter.com/zerohedge/status/1409319578195333122,1409319578195333e3,"""As it turns out the initial jobless claims and continuing jobless claims are declining faster in the 10 states where the Federal unemployment benefits are expiring in the the rest of the US""  cc:  @SecYellen",TRUE
2021-06-25,https://web.archive.org/web/20210625195617/https://twitter.com/zerohedge/status/1408514368313102338,1408514368313102300,GEORGE FLOYD'S KILLER CHAUVIN SENTENCED TO 22.5 YEARS IN PRISON,TRUE
2021-06-23,https://web.archive.org/web/20210623193649/https://twitter.com/zerohedge/status/1407784705018245122,1407784705018245e3,John McAfee Found Dead In Prison Cell After US Extradition Approved https://www.zerohedge.com/political/john-mcafee-may-die-prison-after-spain-approves-us-extradition-tax-charges,TRUE
2021-06-19,https://web.archive.org/web/20210619034050/https://twitter.com/zerohedge/status/1406094561945006080,1406094561945006e3,"""We Got Caught Off Guard"": Winchester President Discusses Ammo Shortage And What's To Come https://www.zerohedge.com/economics/we-got-caught-guard-winchester-president-discusses-ammo-shortage-emily-miller",TRUE
2021-06-18,https://web.archive.org/web/20210618123535/https://twitter.com/zerohedge/status/1405858016365273095,1405858016365273e3,"Wuhan, Weapons, & Burned Spies: CCP Defector Identified, Gave 'Terabytes' Of Dirt To US Govt. https://www.zerohedge.com/political/chinese-defectors-identity-confirmed-was-top-counterintelligence-official-redstate",TRUE
2021-06-14,https://web.archive.org/web/20210614162143/https://twitter.com/zerohedge/status/1404472134567596033,1404472134567596e3,"Chinese Nuclear Plant Vents Gasses After ""Imminent Radiological Threat"" Reported https://www.zerohedge.com/energy/chinese-nuclear-plant-vents-gasses-after-imminent-radiological-threat-reported",TRUE
2021-06-04,https://web.archive.org/web/20210604141825/https://twitter.com/zerohedge/status/1400816458909765638,1400816458909765600,Mass layoffs to follow as Wall Street realizes research no longer matters pic.twitter.com/J8WzsJWgCQ,TRUE
2021-06-02,https://web.archive.org/web/20210602002851/https://twitter.com/zerohedge/status/1399885602510848004,1399885602510848e3,"Hi  @Awesomecloss  after your urgent phone call with Dr Fauci did you determine if you have any ""distant ties"" to this ""gain of function"" work? pic.twitter.com/8qq4oq2Juz",TRUE
2021-05-25,https://web.archive.org/web/20210525171801/https://twitter.com/zerohedge/status/1397240531713933318,1397240531713933300,Second highest ever https://twitter.com/zerohedge/status/1397240317607387143,TRUE
2021-05-19,https://web.archive.org/web/20210519010603/https://twitter.com/zerohedge/status/1394821562843414531,1394821562843414500,"Zoltan On The Coming QE Endgame: ""Banks Have Nore More Space For Reserves"" https://www.zerohedge.com/markets/zoltan-coming-qe-endgame-banks-are-now-chock-full-reserves",TRUE
2021-05-13,https://web.archive.org/web/20210513231357/https://twitter.com/zerohedge/status/1392981345903812611,1392981345903812600,Do Teslas use Basic of Fortran?,TRUE
2021-05-13,https://web.archive.org/web/20210513230707/https://twitter.com/zerohedge/status/1392979647823060994,1392979647823061e3,The QE Endgame: A Big Problem Is Emerging For The Fed https://www.zerohedge.com/markets/qe-endgame-big-problem-emerging-fed,TRUE
2021-05-12,https://web.archive.org/web/20210512211110/https://twitter.com/zerohedge/status/1392588093811826694,1392588093811826700,BofA on Diem pic.twitter.com/pb3Kq64Vg7,TRUE
2021-04-29,https://web.archive.org/web/20210429153506/https://twitter.com/zerohedge/status/1387792468737990673,1387792468737990700,Someone Is Making A Massive Bet That Powell Ends The Party Ends At Jackson Hole In August https://www.zerohedge.com/markets/someone-making-massive-bet-powell-ends-party-ends-jackson-hole-august,TRUE
2021-04-29,https://web.archive.org/web/20210429122651/https://twitter.com/zerohedge/status/1387744890424016896,1387744890424017e3,Joe Biden's Speech Was A Declaration Of War On America https://www.zerohedge.com/political/joe-bidens-speech-was-declaration-war-america,TRUE
2021-04-24,https://web.archive.org/web/20210424175718/https://twitter.com/zerohedge/status/1386016260614393859,1386016260614393900,"""Eruption Bulletin"" -¬†Japan's Sakurajima Volcano Erupts¬† https://www.zerohedge.com/geopolitical/eruption-bulletin-japans-sakurajima-volcano-erupts",TRUE
2021-04-15,https://web.archive.org/web/20210415181053/https://twitter.com/zerohedge/status/1382758280812957699,1382758280812957700,"""A Bunch Of Black Men Have Been Attacking Asians"" Says CNN Director During Undercover Tinder Sting https://www.zerohedge.com/political/bunch-black-men-have-been-attacking-asians-says-cnn-director-during-undercover-tinder",TRUE
2021-04-14,https://web.archive.org/web/20210414221123/https://twitter.com/zerohedge/status/1382456320473858053,1382456320473858e3,"The United States Air Force Has Big Plans For The Hexa ""Flying Car"" https://www.zerohedge.com/technology/united-states-air-force-has-big-plans-hexa-flying-car",TRUE
2021-04-11,https://web.archive.org/web/20210411232438/https://twitter.com/zerohedge/status/1381387678789345280,1381387678789345300,*POWELL: WANT TO SEE PEOPLE WHO'VE LEFT WORKFORCE COME BACK  So many stop giving them universal basic income...,TRUE
2021-03-29,https://web.archive.org/web/20210329120200/https://twitter.com/zerohedge/status/1376504849060265984,1376504849060266e3,Here we go: from GS: BIDU 10MM offered at $185 to mkt TME 50MM offered $17.60 to mkt VIPS 32MM offered $27.60 to mkt  All same seller,TRUE
2021-03-25,https://web.archive.org/web/20210325190331/https://twitter.com/zerohedge/status/1375161441871888386,1375161441871888400,RT @SalArnuk: https://t.co/tZXLLta9u8,TRUE
2021-03-19,https://web.archive.org/web/20210319142147/https://twitter.com/zerohedge/status/1372916180764213248,1372916180764213200,"""As Long As It Takes"": Powell Wrties WSJ Op-Ed, Says Recovery Far From Complete https://www.zerohedge.com/markets/long-it-takes-powell-wrties-wsj-op-ed-says-recovery-far-complete",TRUE
2021-03-15,https://web.archive.org/web/20210315164719/https://twitter.com/zerohedge/status/1371503287372029952,137150328737203e4,RT @AlexBerenson: Just bumping this for no particular reason https://t.co/jK6sv7m2yA,TRUE
2021-03-13,https://web.archive.org/web/20210313230046/https://twitter.com/zerohedge/status/1370872455686979585,1370872455686979600,Goldman's Clients Are Asking Is There Are Any Cheap Stocks Left https://www.zerohedge.com/markets/goldmans-clients-are-asking-there-are-any-cheap-stocks-left,TRUE
2021-03-12,https://web.archive.org/web/20210312203838/https://twitter.com/zerohedge/status/1370474288688553989,1370474288688554e3,Fracking Almost Back to Pre-Blackout Levels: Primary Vision  cc:  @MbSofKSA,TRUE
2021-03-10,https://web.archive.org/web/20210310164326/https://twitter.com/zerohedge/status/1369690330010951683,1369690330010951700,GME stop is forcing HF VIP unwind again,TRUE
2021-03-10,https://web.archive.org/web/20210310134119/https://twitter.com/zerohedge/status/1369644539607138304,1369644539607138300,"CPI says it estimated much of February data   ""data collection in February was affected by the temporary closing or limited operations of certain types of establishments. These factors resulted in an increase in the number of prices considered temporarily  available and imputed"" https://t.co/yMs6nVfCB9",TRUE
2021-03-05,https://web.archive.org/web/20210305214415/https://twitter.com/zerohedge/status/1367954103381409804,1367954103381409800,A Boeing 737 MAX bound for New Jersey‚Äôs Newark Liberty International Airport declared an emergency after the captain shut down one engine over a possible mechanical issue.  Dud,TRUE
2021-03-05,https://web.archive.org/web/20210305003411/https://twitter.com/zerohedge/status/1367634486209478666,1367634486209478700,"Treasury injects another $42BN in cash, $80BN in the past two days.   Once this massively oversold puke ends, everything will rip",TRUE
2021-03-04,https://web.archive.org/web/20210304192552/https://twitter.com/zerohedge/status/1367556876058177540,1367556876058177500,"Ignoring Years Of Silver Price Manipulation, Orwellian CFTC Now Goes After Reddit Apes https://www.zerohedge.com/commodities/ignoring-years-silver-price-manipulation-orwellian-cftc-now-goes-after-reddit-apes",TRUE
2021-03-03,https://web.archive.org/web/20210303190559/https://twitter.com/zerohedge/status/1367189457854676995,1367189457854677e3,"Miss Water says It is short XL Fleet Corp. (NYSE: XL) ""because it strikes us as middle of the fairway SPAC garbage""  Check to WSB",TRUE
2021-03-01,https://web.archive.org/web/20210301005653/https://twitter.com/zerohedge/status/1366190599506903040,1366190599506903e3,"Futures Soars, Yields Plunge After RBA Panics And Buys Double The Amount Of Bonds In Daily QE https://www.zerohedge.com/markets/futures-soars-yields-plunge-after-rba-panics-and-buys-double-amount-bonds-daily-qe",TRUE
2021-02-28,https://web.archive.org/web/20210228002647/https://twitter.com/zerohedge/status/1365820660010913792,1365820660010913800,"FDA Clears JnJ COVID-19 Shot For Use In The US, Giving Americans 3rd Vaccine Choicee https://www.zerohedge.com/markets/fda-clears-jnj-covid-19-shot-use-us-giving-americans-3rd-vaccine-choicee",TRUE
2021-02-25,https://web.archive.org/web/20210225212706/https://twitter.com/zerohedge/status/1365050607527202826,1365050607527202800,"Hey JPM, who is that VIX short doing",TRUE
2021-02-25,https://web.archive.org/web/20210225154202/https://twitter.com/zerohedge/status/1364963706153631748,1364963706153631700,"5Y rises above convexity threshold of 0.75%. If buyers don't emerge here, the Fed will have a nightmare on its hands    https://cms.zerohedge.com/markets/less-1-point-away-convexity-disaster  pic.twitter.com/HFHZPIkFpa",TRUE
2021-02-23,https://web.archive.org/web/20210223002051/https://twitter.com/zerohedge/status/1364007218346090498,1364007218346090500,Food Inflation Is The Best Better Predictor Of Bond Yields https://www.zerohedge.com/markets/food-inflation-best-better-predictor-bond-yields,TRUE
2021-02-19,https://web.archive.org/web/20210219154148/https://twitter.com/zerohedge/status/1362789267555106818,1362789267555106800,You aren't very good with sarcasm are you,TRUE
2021-02-18,https://web.archive.org/web/20210218221028/https://twitter.com/zerohedge/status/1362524874779070467,1362524874779070500,"Hearing recap:  Idiotic question... idiotic question...  good question:  Answer: that is a very good question, and won't answer it",TRUE
2021-02-16,https://web.archive.org/web/20210216204549/https://twitter.com/zerohedge/status/1361778784735817730,1361778784735817700,"""Vega Vaccum"": Why The High VIX Has Been So ""Persisently Sticky"" And What Happens Next https://www.zerohedge.com/markets/vega-vaccum-why-high-vix-has-been-so-persisently-sticky-and-what-happens-next",TRUE
2021-02-13,https://web.archive.org/web/20210213001918/https://twitter.com/zerohedge/status/1360382910914789377,1360382910914789400,Lincoln Project Co-Founder Resigns Amid Accusations Of Criminality https://cms.zerohedge.com/political/lincoln-project-facing-multiple-scandals-accused-own-co-founder-likely-criminality,TRUE
2021-02-09,https://web.archive.org/web/20210209030147/https://twitter.com/zerohedge/status/1358974046277406722,1358974046277406700,BofA Spots A Demand Problem With Semiconductors https://www.zerohedge.com/markets/bofa-spots-demand-problem-semiconductors,TRUE
2021-02-08,https://web.archive.org/web/20210208211246/https://twitter.com/zerohedge/status/1358886470057156613,1358886470057156600,NYC Suffers : Live Updates https://www.zerohedge.com/covid-19/us-sees-fewest-new-covid-deaths-year-scientists-scramble-update-vaccinations-live-updates,TRUE
2021-02-07,https://web.archive.org/web/20210207235445/https://twitter.com/zerohedge/status/1358564804085092353,1358564804085092400,"Senvest did an amazing trade with GSE, sending them to the top of HFs performance. What else are they long: here SI - a crypto proxy bank - looks like an x-bagger. pic.twitter.com/82rfnsv3z6",TRUE
2021-02-07,https://web.archive.org/web/20210207233321/https://twitter.com/zerohedge/status/1358559396956102662,1358559396956102700,"1. Druckenmiller is short long-end Treasuries. 2. He is very long commodities. 3. He is also ""very very"" short the dollar. https://cms.zerohedge.com/markets/wildest-market-ive-ever-seen-druckenmillers-must-see-goldman-interview",TRUE
2021-02-07,https://web.archive.org/web/20210207170558/https://twitter.com/zerohedge/status/1358461676157337601,1358461676157337600,"Rentec's RIEF LTM performance: -30%   Rentec's Medallion LTM performance: +80%  Dear  @SEC_News  not to tell you how to do your job, but... do your job https://cms.zerohedge.com/markets/renaissance-hit-5-billion-redemptions-after-terrible-returns",TRUE
2021-02-05,https://web.archive.org/web/20210205202158/https://twitter.com/zerohedge/status/1357786509760413698,1357786509760413700,Student loan hit a record $1.707TN in Q4,TRUE
2021-02-05,https://web.archive.org/web/20210205130651/https://twitter.com/zerohedge/status/1357676989902110720,1357676989902110700,Senate Dems Push Through $1.9TN Stimulus As Harris Casts First Tiebreaker https://www.zerohedge.com/political/senate-dems-push-through-19tn-stimulus-harris-casts-first-tiebreaker,TRUE
2021-02-04,https://web.archive.org/web/20210204185115/https://twitter.com/zerohedge/status/1357401182076043264,1357401182076043300,Rep. Waters: Trump Needs To Be Charged With Premeditated Murder https://www.zerohedge.com/political/rep-waters-trump-needs-be-charged-premeditated-murder,TRUE
2021-02-03,https://web.archive.org/web/20210203030717/https://twitter.com/zerohedge/status/1356800409122267146,1356800409122267100,"The phone call will last 15 minutes and Citadel will pay $250,000 https://twitter.com/zerohedge/status/1356799232322191361",TRUE
2021-02-02,https://web.archive.org/web/20210202131238/https://twitter.com/zerohedge/status/1356591267950510081,135659126795051e4,"Exxon has gone all-in on its defense of its massive dividend: BBG  XOM's div yield is 8% yet ""pros"" put their money into -5% bunds",TRUE
2021-01-31,https://web.archive.org/web/20210131210641/https://twitter.com/zerohedge/status/1355985796734578698,1355985796734578700,It's not,TRUE
2021-01-29,https://web.archive.org/web/20210129210850/https://twitter.com/zerohedge/status/1355261582771687425,1355261582771687400,"Europe Resorts To Travel Bans As Lockdowns Fail; NYC To Restart Indoor Dining, Weddings: Live Updates https://www.zerohedge.com/covid-19/us-covid-hospitalizations-tumble-eu-reassures-public-vaccines-are-safe-elderly-live",TRUE
2021-01-29,https://web.archive.org/web/20210129162536/https://twitter.com/zerohedge/status/1355190284066447363,1355190284066447400,Perfect: sell it all https://twitter.com/Fxhedgers/status/1355189622263803904,TRUE
2021-01-29,https://web.archive.org/web/20210129001223/https://twitter.com/zerohedge/status/1354945382309093391,1354945382309093400,"Why didn't Tenev admit Robinhood drew down revolvers: everyone knows about it, so this just makes it even worse",TRUE
2021-01-28,https://web.archive.org/web/20210128191558/https://twitter.com/zerohedge/status/1354870799832854531,1354870799832854500,70.87 Billion Reasons Why The Exchanges Betrayed Retail Customers https://www.zerohedge.com/markets/7087-billion-reasons-why-exchanges-betrayed-retail-customers,TRUE
2021-01-28,https://web.archive.org/web/20210128043342/https://twitter.com/zerohedge/status/1354648761780363265,1354648761780363300,Nobody has covered nothing pic.twitter.com/51qUeBMtbb,TRUE
2021-01-27,https://web.archive.org/web/20210127233607/https://twitter.com/zerohedge/status/1354573893122592770,1354573893122592800,Crackdown Begins: Discord Bans r/WallStreetBets Server   https://cms.zerohedge.com/markets/sec-joins-biden-admin-actively-monitoring-option-volatility  pic.twitter.com/9vVsOrMtaj,TRUE
2021-01-27,https://web.archive.org/web/20210127215127/https://twitter.com/zerohedge/status/1354547510694522880,1354547510694523e3,"What supercycle? Even in its absolutely blockbuster quarter, with the intro of the iPhone 12, and with generous government stimulus for its buyers, Apple is far from the previous peak iPhone sales reached in 2015/2017 pic.twitter.com/KMFi755SZ7",TRUE
2021-01-25,https://web.archive.org/web/20210125202811/https://twitter.com/zerohedge/status/1353801839247028226,1353801839247028200,"Let's see here: pay Gabe Plotkin 2 and 20 to be steamrolled by a bunch of teenagers, or find the most shorted stocks for free and buy them for free, add 10x leverage because the Fed will always bail you out, and retire in 1 year.",TRUE
2021-01-25,https://web.archive.org/web/20210125202133/https://twitter.com/zerohedge/status/1353800121184624640,1353800121184624600,"Just for reference, here again are the 50 biggest hedge fund shorts.    https://www.zerohedge.com/markets/first-casualty-big-short-squeeze-melvin-capital-gets-275bn-bailout-citadel-point72-after  pic.twitter.com/6fCgxGj1Zg",TRUE
2021-01-25,https://web.archive.org/web/20210125013217/https://twitter.com/zerohedge/status/1353515970170662912,1353515970170663e3,The first 3 weeks of Jan have already seen half the SPAC issuance of,TRUE
2021-01-22,https://web.archive.org/web/20210122224409/https://twitter.com/zerohedge/status/1352748786393743362,1352748786393743400,So You Missed Today's Epic Move In Gamestop: Here's How To Catch The Next One https://www.zerohedge.com/markets/so-you-missed-todays-epic-move-gamestop-heres-how-catch-next-one,TRUE
2021-01-22,https://web.archive.org/web/20210122164039/https://twitter.com/zerohedge/status/1352657312570372099,1352657312570372e3,Someone is having a very bad day pic.twitter.com/rqtJjquJrA,TRUE
2021-01-22,https://web.archive.org/web/20210122145810/https://twitter.com/zerohedge/status/1352631509526732800,1352631509526732800,Twitter Suspends Iran's Supreme Leader After Post Threatening Attack On Trump https://www.zerohedge.com/geopolitical/twitter-suspends-irans-supreme-leader-after-post-threatening-attack-trump,TRUE
2021-01-21,https://web.archive.org/web/20210121205127/https://twitter.com/zerohedge/status/1352358076104536067,1352358076104536e3,"*INTEL SEES 2021 REV. $75.3B, EST. $70.40B *INTEL SEES 2021 ADJ EPS $4.90, EST. $4.53",TRUE
2021-01-21,https://web.archive.org/web/20210121204831/https://twitter.com/zerohedge/status/1352357401794633736,1352357401794633700,"*INTEL 4Q REV. $18.3B, EST. $17.50B",TRUE
2021-01-20,https://web.archive.org/web/20210120134046/https://twitter.com/zerohedge/status/1351887339161866241,1351887339161866200,"Biden Issues Barrage Of 15 Executive Orders On Border, Climate, Immigration & ""100 Day Masking Challenge"" https://www.zerohedge.com/markets/biden-issues-barrage-15-executive-orders-border-climate-immigration-100-day-masking",TRUE
2021-01-18,https://web.archive.org/web/20210118030053/https://twitter.com/zerohedge/status/1351001506586259456,1351001506586259500,Facebook Temporarily Bans Ads For Combat Gear Following Capitol Riots¬† https://www.zerohedge.com/political/facebook-temporarily-bans-ads-combat-gear-following-capitol-riots,TRUE
2021-01-15,https://web.archive.org/web/20210115233126/https://twitter.com/zerohedge/status/1350224003756158976,1350224003756159e3,"Trump's facebook page restored as ""political candidate"" pic.twitter.com/ehFVpM0wHO",TRUE
2021-01-15,https://web.archive.org/web/20210115125154/https://twitter.com/zerohedge/status/1350062965052092418,1350062965052092400,"JPM another bad quarter  WELLS FARGO 4Q REV. $17.93B, EST. $18.09B  WELLS FARGO 4Q NET INTEREST INCOME $9.28B, EST. $9.43B",TRUE
2021-01-14,https://web.archive.org/web/20210114164836/https://twitter.com/zerohedge/status/1349760338363875332,1349760338363875300,"Here's What Joe Biden May Announce Tonight, According To Goldman https://t.co/dgPEkx8PbO",TRUE
2021-01-11,https://web.archive.org/web/20210111150619/https://twitter.com/zerohedge/status/1348611958665314304,1348611958665314300,"Wall Street analysts getting dumber by the day to justify TSLA move: according to BofA, the higher the price goes, the higher it will go pic.twitter.com/oNpKLFU8pw",TRUE
2021-01-08,https://web.archive.org/web/20210108204623/https://twitter.com/zerohedge/status/1347645791498870786,1347645791498870800,"The battle of the titans:   Tesla vs Bitcoin, last 5 years normalized, log chart pic.twitter.com/lpC4EdI75O",TRUE
2021-01-08,https://web.archive.org/web/20210108173144/https://twitter.com/zerohedge/status/1347596604958777344,1347596604958777300,"Only In Your Imagination Was That An Attempted ""Coup"" https://www.zerohedge.com/political/only-your-imagination-was-attempted-coup",TRUE
2021-01-08,https://web.archive.org/web/20210108003340/https://twitter.com/zerohedge/status/1347340529378451456,1347340529378451500,"Trump Tweets For The First Time Since Suspension, Says ""New Administration Will Be Inaugurated On Jan 20"" https://cms.zerohedge.com/political/trump-tweets-first-time-suspention-says-new-administration-will-be-inaugurated-jan-20",TRUE
2020-12-23,https://web.archive.org/web/20201223201638/https://twitter.com/zerohedge/status/1341840016658604033,1341840016658604e3,MCCARTHY TELLS GOP TRUMP HASN'T DECIDED ON STIMULUS VETO: NYT  Well that's fake news,TRUE
2020-12-15,https://web.archive.org/web/20201215113348/https://twitter.com/zerohedge/status/1338808550248894467,1338808550248894500,"New Study Confirms COVID-19 Attacks Testicles, May Affect Male Fertility  https://www.zerohedge.com/covid-19/new-study-confirms-covid-19-attacks-testicles-may-affect-male-fertility",TRUE
2020-12-13,https://web.archive.org/web/20201213235600/https://twitter.com/zerohedge/status/1338271273932165126,1338271273932165e3,"Cornell Offers ""Person Of Color""-Exemption For Flu Vaccine Requirement https://www.zerohedge.com/political/cornell-offers-person-color-exemption-flu-vaccine-requirement",TRUE
2020-12-13,https://web.archive.org/web/20201213203524/https://twitter.com/zerohedge/status/1338220927457308673,1338220927457308700,"Towards ""An Artificial Sun"" - Will China Win The Nuclear Fusion Race?  https://www.zerohedge.com/energy/towards-artificial-sun-will-china-win-nuclear-fusion-race",TRUE
2020-12-13,https://web.archive.org/web/20201213033034/https://twitter.com/zerohedge/status/1337962992999280642,1337962992999280600,Will China Win The Nuclear Fusion Race?  https://www.zerohedge.com/energy/will-china-win-nuclear-fusion-race-0,TRUE
2020-12-12,https://web.archive.org/web/20201212012025/https://twitter.com/zerohedge/status/1337567899825950720,1337567899825950700,Will China Win The Nuclear Fusion Race?  https://www.zerohedge.com/energy/will-china-win-nuclear-fusion-race,TRUE
2020-12-10,https://web.archive.org/web/20201210224317/https://twitter.com/zerohedge/status/1337165614302064642,1337165614302064600,FDA Advisers Confirm Pfizer/BioNTech COVID Vaccine Benefits Outweigh Risks https://www.zerohedge.com/medical/fda-approves-pfizerbiontech-covid-vaccine-emergency-use,TRUE
2020-12-10,https://web.archive.org/web/20201210223854/https://twitter.com/zerohedge/status/1337164827245088771,1337164827245088800,FDA Approves Pfizer/BioNTech COVID Vaccine For Emergency Use https://www.zerohedge.com/medical/fda-approves-pfizerbiontech-covid-vaccine-emergency-use,TRUE
2020-12-03,https://web.archive.org/web/20201203000158/https://twitter.com/zerohedge/status/1334286229794328579,1334286229794328600,"Austin Mayor Urged Citizens ""Not To Relax... Stay Home"" While Vacationing In Cabo https://www.zerohedge.com/political/austin-mayor-urged-citizens-not-relax-stay-home-while-vacationing-cabo",TRUE
2020-11-19,https://web.archive.org/web/20201119035012/https://twitter.com/zerohedge/status/1329270679418646528,1329270679418646500,"""Gen Y Is Out, Gen Z Is In"": Why One Bank Thinks Gen Z ""Are The New Global Influencers"" https://www.zerohedge.com/economics/gen-y-out-gen-z-why-one-bank-thinks-gen-z-are-new-global-influencers",TRUE
2020-11-18,https://web.archive.org/web/20201118133056/https://twitter.com/zerohedge/status/1329054485579231232,1329054485579231200,"Housing Starts 1.545MM, Exp. 1.657MM Housing Permits 1.530MM, Exp. 1.460MM",TRUE
2020-11-15,https://web.archive.org/web/20201115164830/https://twitter.com/zerohedge/status/1328016162626678786,1328016162626678800,Biden Advisors To Start Meeting With Vaccine-Makers In Latest Hint Of Collusion https://www.zerohedge.com/geopolitical/biden-advisors-start-meeting-vaccine-makers-latest-hint-collusion,TRUE
2020-11-13,https://web.archive.org/web/20201113030719/https://twitter.com/zerohedge/status/1327085424188207104,1327085424188207e3,oh https://twitter.com/_Klaus_Schwab/status/1326801641610342400,TRUE
2020-11-11,https://web.archive.org/web/20201111200126/https://twitter.com/zerohedge/status/1326615250960052233,1326615250960052200,What TSY futs are saying where the 10Y yield is currently pic.twitter.com/wQBqaJyetH,TRUE
2020-11-08,https://web.archive.org/web/20201108161053/https://twitter.com/zerohedge/status/1325470783733460994,1325470783733461e3,"Kerry For Climate Chief, Bittigieg For Veterans, Yates For DOJ: An Early Look At The Biden Cabinet https://www.zerohedge.com/political/kerry-climate-chief-bittigieg-veterans-yates-doj-early-look-biden-cabinet",TRUE
2020-11-04,https://web.archive.org/web/20201104195707/https://twitter.com/zerohedge/status/1324078127459565568,1324078127459565600,Where The Vote Stands: ABC Removes Arizona From The 'Biden' Column https://www.zerohedge.com/political/where-vote-stands-each-key-undecided-state,TRUE
2020-10-30,https://web.archive.org/web/20201030013420/https://twitter.com/zerohedge/status/1321988691695423488,1321988691695423500,"According to this very thorough AP fact check, Robert Byrd were never a ‚Äúgrand wizard‚Äù in the Ku Klux Klan, he was merely an ""exalted cyclops"" https://apnews.com/article/fact-checking-afs:Content:9545480195",TRUE
2020-10-29,https://web.archive.org/web/20201029205256/https://twitter.com/zerohedge/status/1321917895736238081,1321917895736238e3,How do you spell boycott in Chinese pic.twitter.com/KhsPOTSYWC,TRUE
2020-10-24,https://web.archive.org/web/20201024200050/https://twitter.com/zerohedge/status/1320092796892647427,1320092796892647400,Covid Scenarios For 2021 https://www.zerohedge.com/markets/covid-scenarios-2021,TRUE
2020-10-20,https://web.archive.org/web/20201020234639/https://twitter.com/zerohedge/status/1318699966987108353,1318699966987108400,"""I'm President And You're Not"": Trump Abruptly Ends Interview With 60 Minutes' Leslie Stahl https://www.zerohedge.com/markets/trump-abruptly-ends-60-minutes-interview-threatens-release-it-early-expose-reporter-bias",TRUE
2020-10-16,https://web.archive.org/web/20201016184013/https://twitter.com/zerohedge/status/1317173475417722880,1317173475417723e3,US Budget Deficit Triples To Record $2.1 Trillion In 2020 As US Spends 90% More Than It Collects https://www.zerohedge.com/markets/budget-deficit-hits-record-21-trillion-fiscal-2020-us-spends-90-more-it-collects,TRUE
2020-10-13,https://web.archive.org/web/20201013111953/https://twitter.com/zerohedge/status/1315975465992155136,1315975465992155100,Dear JPMorgan: please ask for another taxpayer bailout to fix your website    https://www.jpmorganchase.com/content/dam/jpmc/jpmorgan-chase-and-co/investor-relations/documents/quarterly-earnings/2020/3rd-quarter/3Q20_Earnings_Presentation.pdf,TRUE
2020-10-13,https://web.archive.org/web/20201013111842/https://twitter.com/zerohedge/status/1315975197233741824,1315975197233741800,Dimon Signals The All Clear: JPMOrgan Earnings Smash Expectations As Loss Provisions Plummet 94% https://www.zerohedge.com/markets/dimon-signals-all-clear-jpmorgan-earnings-smash-expectations-loss-provisions-plummet-94,TRUE
2020-10-12,https://web.archive.org/web/20201012143645/https://twitter.com/zerohedge/status/1315662259872583685,1315662259872583700,Senate Republicans Will Back Trump On Stimulus As Tension Builds Over Impasse https://www.zerohedge.com/political/senate-republicans-will-back-trump-stimulus-tension-builds-over-pelosi-impasse,TRUE
2020-10-08,https://web.archive.org/web/20201008150229/https://twitter.com/zerohedge/status/1314219107542327296,1314219107542327300,"Crude Futures Spike On OPEC Comments: ""The Worst Is Over"" For The Oil Market https://www.zerohedge.com/energy/crude-futures-spike-opec-comments-worst-over-oil-market",TRUE
2020-10-08,https://web.archive.org/web/20201008023536/https://twitter.com/zerohedge/status/1314031542046515201,1314031542046515200,"VP Debate Post-Mortem: Biden Trounces ""Gaffe Machine"" Harris https://www.zerohedge.com/political/vp-debate-post-mortem",TRUE
2020-10-01,https://web.archive.org/web/20201001193406/https://twitter.com/zerohedge/status/1311751261914570754,1311751261914570800,Copper drop now worse than March crash. Biggest one day drop in 9 years as one or more levered copper funds blow up https://t.co/U0ipdl3UPV,TRUE
2020-09-28,https://web.archive.org/web/20200928151015/https://twitter.com/zerohedge/status/1310597457223602176,1310597457223602200,ECB: almost balanced pic.twitter.com/cuBp9zU91Z,TRUE
2020-09-15,https://web.archive.org/web/20200915202015/https://twitter.com/zerohedge/status/1305964612093964290,1305964612093964300,Isn't It Obvious We Need A New System? https://www.zerohedge.com/geopolitical/isnt-it-obvious-we-need-new-system,TRUE
2020-09-15,https://web.archive.org/web/20200915111851/https://twitter.com/zerohedge/status/1305828288678502401,1305828288678502400,"Hurricane Sally Could Unleash ""Historic¬†Flooding"" Across Gulf Coast States¬† https://www.zerohedge.com/commodities/hurricane-sally-creeping-towards-gulf-coast-states",TRUE
2020-09-13,https://web.archive.org/web/20200913020410/https://twitter.com/zerohedge/status/1304963938870853634,1304963938870853600,The median net worth of Americans 54 and younger is sharply lower since 1989. Those those 65 and older have seen their net worth increase by 60%+ pic.twitter.com/1QimfrcLmD,TRUE
2020-09-09,https://web.archive.org/web/20200909161838/https://twitter.com/zerohedge/status/1303728878549172225,1303728878549172200,FT Confirms AstraZeneca COVID-19 Vaccine Caused Serious Spinal Issues In Test Patient https://www.zerohedge.com/markets/ft-confirms-astrazeneca-covid-19-vaccine-caused-serious-spinal-issues-test-patient-0,TRUE
2020-09-05,https://web.archive.org/web/20200905034638/https://twitter.com/zerohedge/status/1302090330318176257,1302090330318176300,UN Forced To Admit Gates-Funded Vaccine Is Causing Polio Outbreak In Africa https://www.zerohedge.com/markets/un-forced-admit-gates-funded-vaccine-causing-polio-outbreak-africa,TRUE
2020-09-04,https://web.archive.org/web/20200904204821/https://twitter.com/zerohedge/status/1301985290593153033,1301985290593153e3,WOW: BERKSHIRE HATHAWAY NO LONGER REPORTS DIRECT WELLS FARGO STAKE,TRUE
2020-09-04,https://web.archive.org/web/20200904153904/https://twitter.com/zerohedge/status/1301907538439438336,1301907538439438300,"Who reported what first is irrelevant. Let's see which publications REFUSE to touch the second part of the story, and where the option rabbit hole really goes pic.twitter.com/JqCn6xk7g6",TRUE
2020-09-01,https://web.archive.org/web/20200901210544/https://twitter.com/zerohedge/status/1300902507149918211,1300902507149918200,2020 Drop In Operating Profits Mirrors 2008: Different Mix Shows The Need For More Fiscal Support https://www.zerohedge.com/markets/2020-drop-operating-profits-mirrors-2008-different-mix-shows-need-more-fiscal-support,TRUE
2020-09-01,https://web.archive.org/web/20200901143843/https://twitter.com/zerohedge/status/1300805112378667008,1300805112378667e3,"El-Erian Warns Retail Face ""Big Potential Losses"" From Professionals Selling https://www.zerohedge.com/markets/el-erian-warns-retail-face-big-potential-losses-professionals-selling",TRUE
2020-08-30,https://web.archive.org/web/20200830181402/https://twitter.com/zerohedge/status/1300134641165361154,1300134641165361200,Here is the stagflation trade: real yields can't go below 1%? In 1975 they hit -4.4%. What would that do to gold? $3200 and over. pic.twitter.com/VgtRMG13KJ,TRUE
2020-08-29,https://web.archive.org/web/20200829040126/https://twitter.com/zerohedge/status/1299557641350516739,1299557641350516700,"The COVID-19 Scamdemic, Part 1: The Hard Road To A New World Order https://www.zerohedge.com/geopolitical/covid-19-scamdemic-part-1-hard-road-new-world-order",TRUE
2020-08-24,https://web.archive.org/web/20200824220948/https://twitter.com/zerohedge/status/1298019409320194049,1298019409320194e3,"Leon Cooperman: ""The Fed Has Created A Speculative Bubble"" https://www.zerohedge.com/markets/leon-cooperman-fed-has-created-speculative-bubble",TRUE
2020-08-18,https://web.archive.org/web/20200818190059/https://twitter.com/zerohedge/status/1295797618698838017,1295797618698838e3,The Road To Inflation In Post-COVID Times https://www.zerohedge.com/markets/road-inflation-post-covid-times,TRUE
2020-08-18,https://web.archive.org/web/20200818023023/https://twitter.com/zerohedge/status/1295548474969198594,1295548474969198600,Maine's Democrat Governor Quietly Reverses Course On Hydroxychloroquine https://www.zerohedge.com/political/maines-democrat-governor-quietly-reverses-course-hydroxychloroquine,TRUE
2020-08-14,https://web.archive.org/web/20200814161526/https://twitter.com/zerohedge/status/1294306648283021313,1294306648283021300,"RT @seanmdav: Clinesmith's guilty plea is the beginning of the end of the NeverTrump and Resistance delusion that there was no spying, no c‚Ä¶",TRUE
2020-08-06,https://web.archive.org/web/20200806152301/https://twitter.com/zerohedge/status/1291393859809939466,1291393859809939500,Capital One Fined $100 Million Over 2019 Data Breach https://www.zerohedge.com/markets/capital-one-fined-100-million-over-2019-data-breach,TRUE
2020-08-04,https://web.archive.org/web/20200804223254/https://twitter.com/zerohedge/status/1290777666455506945,1290777666455507e3,Is apmex down?,TRUE
2020-08-04,https://web.archive.org/web/20200804123325/https://twitter.com/zerohedge/status/1290624101275533312,1290624101275533300,Global COVID-19 Outbreak Slowest In 3 Weeks As Deaths Near 7 Million: Live Updates https://www.zerohedge.com/geopolitical/global-covid-19-outbreak-slowest-3-weeks-deaths-near-7-million-live-updates,TRUE
2020-07-30,https://web.archive.org/web/20200730213723/https://twitter.com/zerohedge/status/1288951771570802688,1288951771570802700,Dear @federalresrve AAPL results demonstrated clearly that only your continued buying of Apple debt is keeping the company alive,TRUE
2020-07-29,https://web.archive.org/web/20200729182559/https://twitter.com/zerohedge/status/1288541252724690944,1288541252724691e3,Also: market fundamentals  https://twitter.com/GreekFire23/status/1288540933471047685,TRUE
2020-07-26,https://web.archive.org/web/20200726165410/https://twitter.com/zerohedge/status/1287428723524894726,1287428723524894700,Soros Says 'Trump Will Disappear In 2020 Or Sooner' In Ominous Message https://www.zerohedge.com/political/soros-says-trump-will-disappear-2020-or-sooner-ominous-message,TRUE
2020-07-18,https://web.archive.org/web/20200718164245/https://twitter.com/zerohedge/status/1284478029918621698,1284478029918621700,Face Masks Mandated By UK Government Specifically Say They Don't Protect Against COVID-19 https://www.zerohedge.com/political/face-masks-mandated-uk-government-specifically-say-they-dont-protect-against-covid-19,TRUE
2020-07-07,https://web.archive.org/web/20200707014253/https://twitter.com/zerohedge/status/1280315614863769603,1280315614863769600,Luongo: Russia's Political Stability Ensured While The West Sinks https://www.zerohedge.com/geopolitical/luongo-russias-political-stability-ensured-while-west-sinks,TRUE
2020-07-04,https://web.archive.org/web/20200704005141/https://twitter.com/zerohedge/status/1279215857693007872,1.2792158576930079e+18,The Dis-United States Of America https://www.zerohedge.com/political/dis-united-states-america,TRUE
2020-06-18,https://web.archive.org/web/20200618130630/https://twitter.com/zerohedge/status/1273602155199508480,1273602155199508500,"Nikola Plunges After Bloomberg Reports Its Founder ""Exaggerated"" Capability of Debut Truck https://www.zerohedge.com/technology/nikola-plunges-after-bloomberg-reports-its-founder-exaggerated-capability-debut-truck",TRUE
2020-06-17,https://web.archive.org/web/20200617180240/https://twitter.com/zerohedge/status/1273313776658456577,1273313776658456600,Twitter Introduces New Feature Allow Users To Tweet With Audio https://www.zerohedge.com/technology/twitter-introduces-new-feature-allow-users-tweet-audio,TRUE
2020-06-13,https://web.archive.org/web/20200613192353/https://twitter.com/zerohedge/status/1271883216459378693,1271883216459378700,This is how a few thousands retail daytraders on Robinhood move the market: RH sells their orderflow to HFT algos who frontrun the trades and massively accentuate the momentum    https://cdn.robinhood.com/assets/robinhood/legal/RHF%20SEC%20Rule%20606%20Report%20Disclosure%20-%20Q4%202019.pdf  pic.twitter.com/HtT8OHHYZ0,TRUE
2020-01-27,https://web.archive.org/web/20200127185321/https://twitter.com/zerohedge/status/1221868816206090240,1221868816206090200,FOXCONN DECIDED NOT TO REOPEN SMARTPHONE COMPONENT PRODUCTION SITE IN SHANXI PROVINCE UNTIL FEB. 3  virus blamed for next guidance cut,TRUE
2020-01-21,https://web.archive.org/web/20200121131125/https://twitter.com/zerohedge/status/1219608438675775488,1219608438675775500,RT @Hipster_Trader: ‚ÄúInequality is diminishing‚Äù - Kudlow https://t.co/pMtYZx0hMs,TRUE
2020-01-09,https://web.archive.org/web/20200109234501/https://twitter.com/zerohedge/status/1215419234928427009,1215419234928427e3,Insurance For Oil Tankers Jumps Amid War Threat In Middle East https://t.co/u3nQJJeIpg,TRUE
2019-12-18,https://web.archive.org/web/20191218121218/https://twitter.com/zerohedge/status/1207272374044901376,1207272374044901400,"RT @SamRo: ""Most equity investors think the Fed is engaged in QE‚Äù - RBC investor survey",TRUE
2019-11-29,https://web.archive.org/web/20191129153309/https://twitter.com/zerohedge/status/1200427650302562306,1200427650302562300,5 Dead In London Bridge Attacks; One Suspect In Custody https://www.zerohedge.com/political/shots-fired-near-london-bridge-police-block-area,TRUE
2019-11-22,https://web.archive.org/web/20191122161712/https://twitter.com/zerohedge/status/1197910696459165696,1197910696459165700,"Citadel Securities Enters Truce With Banks in Bid to Grow in FX: BBG  Hey y'all, Ken Griffin will now be frontrunning your FX orders too because he has to buy another $1 billion apartment",TRUE
2019-11-09,https://web.archive.org/web/20191109190535/https://twitter.com/zerohedge/status/1193241850930487298,1193241850930487300,Accounting Coverup At Mattel Invites Fresh Regulatory Scrutiny On PwC https://www.zerohedge.com/markets/accounting-coverup-mattel-invites-fresh-regulatory-scrutiny-pwc,TRUE
2019-11-04,https://web.archive.org/web/20191104205738/https://twitter.com/zerohedge/status/1191458098751442944,1191458098751443e3,Thanks,TRUE
2019-10-27,https://web.archive.org/web/20191028044134/https://twitter.com/zerohedge/status/1188600605608206339,1188600605608206300,Freshman Democrat Rep. Katie Hill Resigns Amid Sex-Scandal Ethics Probe https://www.zerohedge.com/political/freshman-democrat-rep-katie-hill-resigns-amid-sex-scandal-ethics-probe,TRUE
2019-10-05,https://web.archive.org/web/20191005072817/https://twitter.com/zerohedge/status/1180371049030000640,1180371049030000600,The Mars New Deal https://twitter.com/theeconomist/status/1180370526990155776,TRUE
2019-10-05,https://web.archive.org/web/20191005050940/https://twitter.com/zerohedge/status/1180344499169574912,1180344499169575e3,pic.twitter.com/TrNyoM929f,TRUE
2019-09-18,https://web.archive.org/web/20190918140244/https://twitter.com/zerohedge/status/1174321065574707200,1174321065574707200,All is fair in dove and war: Citi,TRUE
2019-08-12,https://web.archive.org/web/20190812122621/https://twitter.com/zerohedge/status/1160890263029633024,1160890263029633e3,RT @northherofx: Protester carrying a huge American flag thru airport  -- will add to rumors CIA behind this  lol,TRUE
2019-05-10,https://web.archive.org/web/20190510193309/https://twitter.com/zerohedge/status/1126933211404226560,1126933211404226600,"Stocks Soar After Trump Tweets China Talks ""Construtive"", Relationship With XI Very Strong"" https://t.co/sojPTn3sWB",TRUE
2019-03-23,https://web.archive.org/web/20190323221753/https://twitter.com/zerohedge/status/1109580050364547072,1109580050364547100,RT @ValerieBreiman: THIS JUST HAPPENED LIVE!!! https://t.co/vEYfjtTo7S,TRUE
2019-02-19,https://web.archive.org/web/20190219214118/https://twitter.com/zerohedge/status/1097974358595813376,1097974358595813400,Anti-EU Salivni Set To Emerge As Biggest Winner In EU Parliament Elections https://www.zerohedge.com/news/2019-02-19/eurosceptic-coalition-led-italys-salvini-set-make-huge-gains-eu-parliament,TRUE
2019-02-15,https://web.archive.org/web/20190215074501/https://twitter.com/zerohedge/status/1096314423113859074,1096314423113859100,"""Prostitutes Should Not Be A Tourist Attraction"" Says Amsterdam's Mayor https://t.co/RhGpGVOXOh",TRUE
2019-02-04,https://web.archive.org/web/20190204155355/https://twitter.com/zerohedge/status/1092451192305864709,1092451192305864700,Will The Fed End Its Balance Sheet Runoff Early? Here Is Goldman's Answer https://t.co/MbnkV1TExz,TRUE
2018-11-16,https://web.archive.org/web/20181116132433/https://twitter.com/zerohedge/status/1063422573676036096,1063422573676036100,INDIA IS SAID TO SEEK CLOSER SUPERVISION OF ITS CENTRAL BANK,TRUE
2018-11-15,https://web.archive.org/web/20181115142547/https://twitter.com/zerohedge/status/1063075567245934593,1063075567245934600,Italian Yields Spike After Salvini Advisor Warns Italy Will Exit Eurozone If League Wins Majority https://www.zerohedge.com/news/2018-11-15/italian-yields-spike-after-salvini-advisor-warns-italy-will-exit-eurozone-if-league,TRUE
2018-11-15,https://web.archive.org/web/20181115140710/https://twitter.com/zerohedge/status/1063070876600545280,1063070876600545300,"BORGHI, CHIEF ECONOMIC ADVISOR TO SALVINI: IF THE LEAGUE GETS A MAJORITY IN THE NEXT ELECTIONS ITALY WILL EXIT THE EUROZONE",TRUE
2018-11-09,https://web.archive.org/web/20181109182046/https://twitter.com/zerohedge/status/1060960404011171840,1060960404011171800,After The Correction: Stocks Remain Expensive On 16 Of 20 Indicators https://t.co/C5Pf9cnc26,TRUE
2018-11-07,https://web.archive.org/web/20181107020341/https://twitter.com/zerohedge/status/1059989737191170049,105998973719117e4,RT @Lee_Saks: BLACKBURN WINS SENATE SEAT FOR GOP IN TENN.: ABC  GOP +2,TRUE
2018-10-10,https://web.archive.org/web/20181010141814/https://twitter.com/zerohedge/status/1050027732510347265,1050027732510347300,RT @Lee_Saks: LAVROV-BOLTON MEETING UNDER CONSIDERATION - RUSSIAN FOREIGN MINISTRY: IFX,TRUE
2018-10-10,https://web.archive.org/web/20181010141121/https://twitter.com/zerohedge/status/1050026000279642114,1050026000279642100,Wholesale Inventories Surge To Highest In 5 Years https://t.co/2uWf5Xbd4q,TRUE
2018-09-04,https://web.archive.org/web/20180904221138/https://twitter.com/zerohedge/status/1037100904384745472,1037100904384745500,"After repurchasing $1BN worth of stock, RH has bought back zero shares in the first 6 months of 2018",TRUE
2018-08-20,https://web.archive.org/web/20180820145500/https://twitter.com/zerohedge/status/1031555204028739585,1031555204028739600,Kevin Spacey's Latest Film Bombs To Career-Low $618 Opening Weekend https://t.co/MKkmBWl9Ob,TRUE
2018-08-16,https://web.archive.org/web/20180816023456/https://twitter.com/zerohedge/status/1029919408687333377,1029919408687333400,"RT @Hipster_Trader: The year is 2024. Twitter is down to 1 user, Jack, after he banned everyone",TRUE
2018-07-26,https://web.archive.org/web/20180726122804/https://twitter.com/zerohedge/status/1022458530375393280,1022458530375393300,"RT @pierpont_morgan: FACEBOOK DEFENDED AT SUSQUEHANNA, BUY THE DIP, PT $250 Happens to be their largest position (approx 6.25% of their boo‚Ä¶",TRUE
2018-07-01,https://web.archive.org/web/20180701150031/https://twitter.com/zerohedge/status/1013437077898301440,1013437077898301400,"""It's Real, It's Coming, It's A Matter Of Time"" - US General Warns Of Hypersonic Attack https://www.zerohedge.com/news/2018-06-28/its-real-its-coming-its-matter-time-us-general-warns-hypersonic-attack",TRUE
2018-04-17,https://web.archive.org/web/20180417025502/https://twitter.com/zerohedge/status/986075535246798848,986075535246798800,Only A Tiny Fraction Of Bitcoin Traders Are Reporting Their Holdings To The IRS https://t.co/0rsY6fJC7d,TRUE
2018-04-14,https://web.archive.org/web/20180414200253/https://twitter.com/zerohedge/status/985245542770003968,985245542770004e3,Israeli Warplanes Strike Iranian Military Base In Southern Syria: Reports https://www.zerohedge.com/news/2018-04-14/unidentified-warplanes-strike-iranian-military-base-southern-syria-skynews-arabia,TRUE
2018-04-08,https://web.archive.org/web/20180408210323/https://twitter.com/zerohedge/status/983087936735449088,983087936735449100,"Citi: ""For The First Time Since 2007, Fed Policy Is Now Restrictive; Any Futures Hikes Are A Major Risk"" https://t.co/Zq5IwOgQyH",TRUE
2018-04-05,https://web.archive.org/web/20180405172314/https://twitter.com/zerohedge/status/981945370568724480,981945370568724500,RT @Lee_Saks: PENTAGON SAYS NO TIMELINE GIVEN TO PULL TROOPS FROM SYRIA: DAILY BRIEF,TRUE
2018-03-31,https://web.archive.org/web/20180331031944/https://twitter.com/zerohedge/status/979920705038049280?s=21,979920705038049300,California Woman Refuses To Sell Home To Trump Supporters https://www.zerohedge.com/news/2018-03-30/california-woman-refuses-sell-home-trump-supporters,TRUE
2018-03-25,https://web.archive.org/web/20180325171738/https://twitter.com/zerohedge/status/977957694735831040,977957694735831e3,"Eric Peters: ""The Chinese Know This. Why Are They Doing It?"" https://t.co/Rd4WuEyPKs",TRUE
2018-01-12,https://web.archive.org/web/20180112171526/https://twitter.com/zerohedge/status/951865214793895937,9.5186521479389594e+17,"RT @Lee_Saks: #IRAN OIL TANKER, CHINESE SHIP STOPPED TRANSMITTING LOCATION BEFORE CRASH: DJ. #OOTT  both of them?",TRUE
2018-01-05,https://web.archive.org/web/20180105131819/https://twitter.com/zerohedge/status/949268827354947586,949268827354947600,Ethereum Hits Record High As Ripple Sinks On Coinbase Denial https://t.co/13XQSa3UIn,TRUE
2017-11-09,https://web.archive.org/web/20171109163949/https://twitter.com/zerohedge/status/928663428159459328,928663428159459300,So corporate tax cut delayed not 1 but 2 years,TRUE
2017-09-06,https://web.archive.org/web/20170906180315/https://twitter.com/zerohedge/status/905491601451094017,905491601451094e3,"Beige BookL ""Employment growth slowed some on balance, ranging from a slight to a modest rate in most Districts.""",TRUE
2017-08-08,https://web.archive.org/web/20170808012744/https://twitter.com/zerohedge/status/894731821555924992,894731821555925e3,Fed Abandons Labor Market Conditions Index (Because It Just Won't Fit The Narrative?)  http://www.zerohedge.com/news/2017-08-07/fed-abandons-labor-market-conditions-index-because-it-just-wont-fit-narrative,TRUE
2017-08-07,https://web.archive.org/web/20170807210524/https://twitter.com/zerohedge/status/894665804515508230,894665804515508200,"Nassim Taleb Warns ""Something Is Broken In The UK Intellectual Sphere""  http://www.zerohedge.com/news/2017-08-07/nassim-taleb-warns-something-broken-uk-intellectual-sphere",TRUE
2017-08-06,https://web.archive.org/web/20170806193044/https://twitter.com/zerohedge/status/894279592411877376,894279592411877400,"Tillerson, Lavrov Discuss Next Steps In First Post-Sanctions Meeting http://www.zerohedge.com/news/2017-08-06/tillerson-lavrov-discuss-next-steps-first-post-sanctions-meeting",TRUE
2017-08-05,https://web.archive.org/web/20170805210922/https://twitter.com/zerohedge/status/893942023937511424,893942023937511400,Probably not the best way to keep LPs pic.twitter.com/JxPcAerlgg,TRUE
2017-08-04,https://web.archive.org/web/20170804200135/https://twitter.com/zerohedge/status/893562577703272450,893562577703272400,"Dow Gains 1600 Points In 9 Days; S&P, Bonds, Gold & Dollar Unchanged  http://www.zerohedge.com/news/2017-08-04/dow-gains-1600-points-9-days-sp-bonds-gold-dollar-unchanged",TRUE
2017-08-03,https://web.archive.org/web/20170803211545/https://twitter.com/zerohedge/status/893218856059232257,893218856059232300,'Inconvenient' - Al Gore's Home Devours 34 Times More Electricity Than Average U.S. Household http://www.zerohedge.com/news/2017-08-03/inconvenient-al-gores-home-devours-34-times-more-electricity-average-us-household,TRUE
2017-08-03,https://web.archive.org/web/20170803125558/https://twitter.com/zerohedge/status/893093081150615552,893093081150615600,Abe says a primary balance surplus can‚Äôt be restored without economic growth  https://media.giphy.com/media/2mxA3QHH4aHFm/giphy.gif,TRUE
2017-08-03,https://web.archive.org/web/20170803012108/https://twitter.com/zerohedge/status/892918218310004736,892918218310004700,"Awkwardly, TBAC also admits balance sheet normalization would ""let markets clear"" pic.twitter.com/1Ec97s7RlO",TRUE
2017-08-03,https://web.archive.org/web/20170803001857/https://twitter.com/zerohedge/status/892902570133508097,892902570133508100,US State Department Escalates North Korea Travel 'Alert' To Full Ban - Declares Passports Invalid  http://www.zerohedge.com/news/2017-08-02/us-state-department-escalates-north-korea-travel-alert-full-ban-declares-passports-i,TRUE
2017-08-02,https://web.archive.org/web/20170802221450/https://twitter.com/zerohedge/status/892871335533314048,892871335533314e3,Meet The Thousands Of People Desperate For A Warehouse Job At Amazon  http://www.zerohedge.com/news/2017-08-02/meet-thousands-people-desperate-warehouse-job-amazon,TRUE
2017-08-02,https://web.archive.org/web/20170802180234/https://twitter.com/zerohedge/status/892807850371756035,892807850371756e3,Venezuela currency pic.twitter.com/ZCcoqhvZnY,TRUE
2017-08-02,https://web.archive.org/web/20170802180223/https://twitter.com/zerohedge/status/892807804410613760,892807804410613800,Exclusive: How the Home Capital Sausages Were Made  http://www.zerohedge.com/news/2017-08-02/exclusive-how-home-capital-sausages-were-made,TRUE
2017-08-01,https://web.archive.org/web/20170801194013/https://twitter.com/zerohedge/status/892470037772197889,892470037772197900,Is Netflix Spending Too Much On New Content: Here Are The Numbers  http://www.zerohedge.com/news/2017-08-01/netflix-spending-too-much-new-content-here-are-numbers,TRUE
2017-08-01,https://web.archive.org/web/20170801171845/https://twitter.com/zerohedge/status/892434437929000960,892434437929001e3,These Were The Best Performing Assets In July And YTD  http://www.zerohedge.com/news/2017-08-01/these-were-best-performing-assets-july-and-ytd,TRUE
2017-08-01,https://web.archive.org/web/20170801144157/https://twitter.com/zerohedge/status/892394964902191104,892394964902191100,"A Quarter Trillion Dollars In US Household Savings Was Just ""Wiped Away"" http://www.zerohedge.com/news/2017-08-01/quarter-trillion-dollars-us-household-savings-was-just-wiped-away",TRUE
2017-07-31,https://web.archive.org/web/20170731191451/https://twitter.com/zerohedge/status/892101256675811328,892101256675811300,Someone just made a killing   https://www.predictit.org/Contract/7418/Will-Anthony-Scaramucci's-role-as-WH-communications-director-end-in-August-2017-or-earlier  pic.twitter.com/cnCRz0sfFJ,TRUE
2017-07-31,https://web.archive.org/web/20170731000046/https://twitter.com/zerohedge/status/891810832383971329,891810832383971300,"Even The Washington Post Admits ""The Quest To Prove Collusion Is Crumbling""  http://www.zerohedge.com/news/2017-07-30/even-washington-post-admits-quest-prove-collusion-crumbling",TRUE
2017-07-30,https://web.archive.org/web/20170730005245/https://twitter.com/zerohedge/status/891461528750362624,891461528750362600,Illinois Had The Worst Pesonal Income Growth In The U.S. Over The Past Decade https://t.co/WtfApZX7qe,TRUE
2017-07-28,https://web.archive.org/web/20170728180735/https://twitter.com/zerohedge/status/890997175836188673,890997175836188700,What depends on Libor: - $9.6TN in retail mortgages  - $3.5TN in commercial real estate  - $3.4TN in loans  - $350TN in derivatives,TRUE
2017-07-28,https://web.archive.org/web/20170728172246/https://twitter.com/zerohedge/status/890985895922458625,890985895922458600,"""This Is A Full-Blown Scandal - Again. It‚Äôs Unbelievable, Outrageous, Sad"" - Comptroller Demands Heads Roll A...  http://www.zerohedge.com/news/2017-07-28/full-blown-scandal-again-it%E2%80%99s-unbelievable-outrageous-sad-comptroller-demands-heads-",TRUE
2017-07-28,https://web.archive.org/web/20170728135721/https://twitter.com/zerohedge/status/890934193580068865,890934193580068900,"Citi on EURUSD: ""weekly RSI is the highest since late 2007 when spot peaked at 1.60""",TRUE
2017-07-28,https://web.archive.org/web/20170728130429/https://twitter.com/zerohedge/status/890920890438909952,89092089043891e4,GDP pre and post revision pic.twitter.com/QoNaDloIqV,TRUE
2017-07-28,https://web.archive.org/web/20170728105609/https://twitter.com/zerohedge/status/890888602363809792,890888602363809800,"Overnight in Asia, USDCHF saw 6x and EURCHF seeing 11x its average interest over the session so far: Citi",TRUE
2017-07-27,https://web.archive.org/web/20170727182001/https://twitter.com/zerohedge/status/890637917512531968,890637917512532e3,BAT Is Dead: Republicans Kill Bordar Adjustment Tax  http://www.zerohedge.com/news/2017-07-27/bat-dead-republicans-kill-bordar-adjustment-tax,TRUE
2017-07-27,https://web.archive.org/web/20170727181142/https://twitter.com/zerohedge/status/890635821438480384,890635821438480400,The Fed Remains On Course... To Trouble  http://www.zerohedge.com/news/2017-07-27/fed-remains-course-trouble,TRUE
2017-07-27,https://web.archive.org/web/20170727165752/https://twitter.com/zerohedge/status/890617244706758657,890617244706758700,RT @ahmed: UAE bans @ArabianBusiness from publishing for a month for running what the authorities said was ‚Äúfalse news‚Äù https://t.co/Tp2gza‚Ä¶,TRUE
2017-07-27,https://web.archive.org/web/20170727160635/https://twitter.com/zerohedge/status/890604329320763396,890604329320763400,Russia To Stay In Syria For The Next 50 Years http://www.zerohedge.com/news/2017-07-27/russia-stay-syria-next-50-years,TRUE
2017-07-26,https://web.archive.org/web/20170726200711/https://twitter.com/zerohedge/status/890302495502856193,890302495502856200,MEG WHITMAN STEPS DOWN FROM HP INC. BOARD NFLX next?,TRUE
2017-07-26,https://web.archive.org/web/20170726200141/https://twitter.com/zerohedge/status/890301112544374784,890301112544374800,VIX Crashes To Record Lows As Fed/ECB Double-Whammy Smashes Dollar  http://www.zerohedge.com/news/2017-07-26/vix-crashes-record-lows-fedecb-double-whammy-smashes-dollar,TRUE
2017-07-26,https://web.archive.org/web/20170726181326/https://twitter.com/zerohedge/status/890273873790472193,890273873790472200,"Citi ""Judging by USD‚Äôs inability to rally one might conclude that the market sees this as similar enough to June with a slight dovish tweak""",TRUE
2017-07-26,https://web.archive.org/web/20170726174851/https://twitter.com/zerohedge/status/890267671836717056,890267671836717e3,What's Next For Obamacare Repeal: A Primer From Goldman And Citi http://www.zerohedge.com/news/2017-07-26/whats-next-obamacare-repeal-primer-goldman-and-citi,TRUE
2017-07-26,https://web.archive.org/web/20170726011440/https://twitter.com/zerohedge/status/890017491329716225,890017491329716200,"Citi: ""Key events this week may result in dollar strength. In this environment, the euro and the Canadian dollar look the most vulnerable""",TRUE
2017-07-26,https://web.archive.org/web/20170726003606/https://twitter.com/zerohedge/status/890007786280636417,890007786280636400,"Citi: ""we continue to believe that serious work on overhauling health care will be postponed until after the 2018 elections""",TRUE
2017-07-25,https://web.archive.org/web/20170725224605/https://twitter.com/zerohedge/status/889980075084566528,889980075084566500,"If The VIX Goes Bananas, This Is What It Might Look Like http://www.zerohedge.com/news/2017-07-25/if-vix-goes-bananas-what-it-might-look",TRUE
2017-07-25,https://web.archive.org/web/20170725211445/https://twitter.com/zerohedge/status/889957114675855361,889957114675855400,"US House passes sanctions against Russia, Iran, North Korea",TRUE
2017-07-25,https://web.archive.org/web/20170725183826/https://twitter.com/zerohedge/status/889917744153579521,889917744153579500,U.S. SENATE PASSES MOTION TO PROCEED ON HEALTHCARE,TRUE
2017-07-25,https://web.archive.org/web/20170725182218/https://twitter.com/zerohedge/status/889913695266115593,889913695266115600,USDJPY 112,TRUE
2017-07-25,https://web.archive.org/web/20170725111517/https://twitter.com/zerohedge/status/889806252334866434,889806252334866400,"Citi on today's healthcare vote: ""There's some confusion on what version of the bill will be voted on""",TRUE
2017-07-24,https://web.archive.org/web/20170724203938/https://twitter.com/zerohedge/status/889585886056390656,889585886056390700,GOOGL cost per click pic.twitter.com/nhqzCrOl6t,TRUE
2017-07-24,https://web.archive.org/web/20170724180556/https://twitter.com/zerohedge/status/889547205740294144,889547205740294100,The ECB's Impact On The Bond Market In One Chart http://www.zerohedge.com/news/2017-07-24/ecbs-impact-bond-market-one-chart,TRUE
2017-07-24,https://web.archive.org/web/20170724153103/https://twitter.com/zerohedge/status/889508230736556033,889508230736556e3,3M Bill 1.165% 6M Bill 1.105%,TRUE
2017-07-24,https://web.archive.org/web/20170724145046/https://twitter.com/zerohedge/status/889498086552285184,889498086552285200,"Citi: ""weaker Q2 home sales alongside softer Q2 housing starts imply that residential investment will weigh on GDP growth in Q2""",TRUE
2017-07-23,https://web.archive.org/web/20170723183049/https://twitter.com/zerohedge/status/889191065856684032,889191065856684e3,LIBYA-NIGERIA MIGHT JOIN OPEC DEAL WHEN OUTPUT STABILIZES:NOVAK. He didn't get the Sinopec memo,TRUE
2017-07-23,https://web.archive.org/web/20170723181854/https://twitter.com/zerohedge/status/889188065574625281,889188065574625300,"FX Spec Positioning Hits Multi-Year Extremes As Dollar Tumbles, Euro Soars  http://www.zerohedge.com/news/2017-07-23/dollar-tumbles-fx-speculative-positioning-hits-multi-year-extremes",TRUE
2017-07-22,https://web.archive.org/web/20170722223014/https://twitter.com/zerohedge/status/888888944515051521,888888944515051500,Vol sensitivity analysis:  VIX +50%: XIV -32% VIX +100%: XIV -50% VIX +200%: VIX -68.5%  http://www.zerohedge.com/news/2017-07-20/nightmare-scenario-quantifying-damage-sudden-vix-spike  pic.twitter.com/vBCeBSwEjK,TRUE
2017-07-21,https://web.archive.org/web/20170721110959/https://twitter.com/zerohedge/status/888355357642424320,888355357642424300,"Citi: ""In FX the picture is incredibly mixed and in our opinion precarious""",TRUE
2017-07-21,https://web.archive.org/web/20170721110333/https://twitter.com/zerohedge/status/888353748501901313,888353748501901300,"Citi: ""risk sentiment is uneasy with what's going on in the US, while post-ECB weighs on European assets""",TRUE
2017-07-17,https://web.archive.org/web/20170717112555/https://twitter.com/zerohedge/status/886909828077150208,886909828077150200,RT @Lee_Saks: #Russia | July daily crude #oil production rises to 10.96mbd. Interfax. #OOTT https://t.co/nDWj9wSA84,TRUE
2017-06-14,https://web.archive.org/web/20170614161350/https://twitter.com/zerohedge/status/875023485109768193,875023485109768200,RT @markknoller: GWUHospital reports one of the shooting victims has died. Another being treated there still in critical condition.,TRUE
2017-06-09,https://web.archive.org/web/20170609192925/https://twitter.com/zerohedge/status/873260765960183808,873260765960183800,RT @CarlLantz: AMZN lost $17B in mkt cap in about 5 seconds.  efficient markets,TRUE
2017-05-21,https://web.archive.org/web/20170521223010/https://twitter.com/zerohedge/status/866420883749044224,866420883749044200,Matt Taibbi: How Did Russiagate Start? https://t.co/DcCRP4n8KI,TRUE
2017-05-08,https://web.archive.org/web/20170508164923/https://twitter.com/zerohedge/status/861624080553914371,861624080553914400,RT @Lee_Saks: 3 APPEALS COURT JUDGES APPOINTED BY DEMOCRAT PRES BILL CLINTON WILL REVIEW HAWAII ORDER BLOCKING REVISED TRUMP TRAVEL BAN: CO‚Ä¶,TRUE
2017-04-27,https://web.archive.org/web/20170427003809/https://twitter.com/zerohedge/status/857393390975045632,857393390975045600,"Capital One, Discover Charge offs https://t.co/Hd24M2r5po",TRUE
2017-04-16,https://web.archive.org/web/20170416130553/https://twitter.com/zerohedge/status/853595301898326017,853595301898326e3,"RT @spectatorindex: POLL: Turkey referendum exit poll, overseas voters.  Yes: 38% No: 62%  (MAK)",TRUE
2016-11-01,https://web.archive.org/web/20161101211520/https://twitter.com/zerohedge/status/793562003151417344,793562003151417300,Must Read of the Day ‚Äì The Clinton Presidency Is Going to Be a Miserable Slog  http://www.zerohedge.com/news/2016-11-01/must-read-day-%E2%80%93-clinton-presidency-going-be-miserable-slog,TRUE
2016-11-01,https://web.archive.org/web/20161101144613/https://twitter.com/zerohedge/status/793463914570842112,793463914570842100,"Podesta To Mills: ""We Are Going To Have To Dump All Those Emails""  http://www.zerohedge.com/news/2016-11-01/podesta-mills-we-are-going-have-dump-all-those-emails",TRUE
2016-07-30,https://web.archive.org/web/20160730214609/https://twitter.com/zerohedge/status/759505160217452544,759505160217452500,"UBS Debunks ""Strong Consumer"" Farce Saying Consumer Credit Cyle Is In ""Later Innings""  http://www.zerohedge.com/news/2016-07-30/consumer-lending",TRUE
2016-07-29,https://web.archive.org/web/20160729184408/https://twitter.com/zerohedge/status/759097115666767872,759097115666767900,"No ID, No Problem - Feds Overrule North Carolina Voting Rules As ""Discriminatory""  http://www.zerohedge.com/news/2016-07-29/no-id-no-problem-feds-overrule-north-carolina-voting-rules-discriminatory",TRUE
